id,name,model_id:id,group_id:id,perm_read,perm_write,perm_create,perm_unlink
access_agency_track_employee,agency.track.employee,model_agency_track,agency_management.group_agency_employee,1,0,0,0
access_agency_track_admin,agency.track.admin,model_agency_track,agency_management.group_agency_admin,1,1,1,1
access_agency_team_employee,agency.team.employee,model_agency_team,agency_management.group_agency_employee,1,0,0,0
access_agency_team_manager,agency.team.manager,model_agency_team,agency_management.group_agency_team_manager,1,1,1,0
access_agency_team_admin,agency.team.admin,model_agency_team,agency_management.group_agency_admin,1,1,1,1
access_agency_team_member_employee,agency.team.member.employee,model_agency_team_member,agency_management.group_agency_employee,1,0,0,0
access_agency_team_member_manager,agency.team.member.manager,model_agency_team_member,agency_management.group_agency_team_manager,1,1,1,1
access_agency_team_member_admin,agency.team.member.admin,model_agency_team_member,agency_management.group_agency_admin,1,1,1,1
access_agency_project_employee,agency.project.employee,model_agency_project,agency_management.group_agency_employee,1,0,0,0
access_agency_project_manager,agency.project.manager,model_agency_project,agency_management.group_agency_team_manager,1,1,1,0
access_agency_project_admin,agency.project.admin,model_agency_project,agency_management.group_agency_admin,1,1,1,1
access_agency_assignment_history_employee,agency.assignment.history.employee,model_agency_assignment_history,agency_management.group_agency_employee,1,0,0,0
access_agency_assignment_history_admin,agency.assignment.history.admin,model_agency_assignment_history,agency_management.group_agency_admin,1,1,1,1
access_agency_project_rating_employee,agency.project.rating.employee,model_agency_project_rating,agency_management.group_agency_employee,1,0,0,0
access_agency_project_rating_manager,agency.project.rating.manager,model_agency_project_rating,agency_management.group_agency_team_manager,1,1,1,0
access_agency_project_rating_admin,agency.project.rating.admin,model_agency_project_rating,agency_management.group_agency_admin,1,1,1,1
access_agency_dashboard_admin,agency.dashboard.admin,model_agency_dashboard,agency_management.group_agency_admin,1,1,1,1
access_agency_assign_wizard_admin,agency.assign.wizard.admin,model_agency_assign_wizard,agency_management.group_agency_admin,1,1,1,1
